booking_id,member_id,class_id,status,booking_date
783c03e2-4,846a8271,CLS-AF4D7,Attended,2024-12-04
40fffe72-7,233dea15,CLS-6E679,Confirmed,2024-07-29
6cf837bf-e,b4f76843,CLS-FEAB7,Attended,2024-08-01
229b53ef-7,fba743c8,CLS-5864B,No-show,2024-04-27
14e9aed9-e,a1a26b9e,CLS-44CC5,Attended,2024-12-07
3ec9fd27-4,2cb8e7b4,CLS-E99F8,Attended,2024-12-09
1c416c29-4,77fef229,CLS-17367,Attended,2024-11-28
11bdc045-3,71f27551,CLS-FEAB7,Attended,2024-01-20
bcaf87b1-9,debe0ec7,CLS-8CF13,Attended,2024-05-13
65c3b321-8,82e067ea,CLS-5D91E,Attended,2024-03-25
c049adcd-0,9652662b,CLS-16EF1,Attended,2024-09-04
22257e65-9,bbee92d9,CLS-64316,Attended,2024-04-11
e7f0c69d-8,81a60181,CLS-37099,Attended,2024-04-05
fb399ba8-a,93063d77,CLS-2A8C6,No-show,2024-05-20
9f72efe9-c,7388cf62,CLS-CEB51,Attended,2024-12-28
a61dde26-7,7594c1f4,CLS-08980,Attended,2024-03-22
98859df2-5,3f5456da,CLS-9EE21,No-show,2024-09-29
f9abab73-2,6462cc06,CLS-2A8C6,Confirmed,2024-10-20
83feffb1-9,e97eb0ae,CLS-08BFB,Confirmed,2024-01-17
88c1a4eb-e,8540cfff,CLS-A8A19,Attended,2022-03-21
00ccf8b0-e,debe0ec7,CLS-1FB2E,Attended,2024-11-14
4d244566-8,be08ce2f,CLS-A2572,No-show,2024-11-14
2cc4f54e-f,07f825a3,CLS-E2B2B,Confirmed,2024-07-21
a88d6d86-9,5cbc5242,CLS-AF4D7,Attended,2024-08-31
1ac92739-3,77fef229,CLS-6E679,Confirmed,2024-08-09
4b94c368-3,ecc78c1c,CLS-4D488,Attended,2024-11-16
93a1640b-8,8a7bf578,CLS-8563B,Confirmed,2024-02-01
942efd8f-4,d0ecbb09,CLS-A8A19,Attended,2024-03-28
043a90fd-d,27ba1d95,CLS-7935C,Attended,2024-06-25
c8757f32-b,52b44512,CLS-49E17,Confirmed,2024-08-22
da1cab2f-b,59f9e4e8,CLS-64316,Attended,2024-12-01
f787fab7-4,63af0f42,CLS-C4065,No-show,2024-12-28
86f180c5-e,6f6e3521,CLS-5D91E,Attended,2024-09-28
0031cec6-8,571e384d,CLS-F212D,Attended,2024-12-31
043f3532-e,f1f94384,CLS-76408,Confirmed,2024-12-15
b695a4ef-1,d0ecbb09,CLS-8CF13,Attended,2024-02-21
c127d6b5-4,330af097,CLS-8563B,Attended,2024-04-16
4bab4b51-4,fba743c8,CLS-6163F,Attended,2024-08-18
97f3ca72-d,c2e37060,CLS-F212D,Attended,2024-10-19
744a2b42-3,85614865,CLS-DC96C,Attended,2024-07-04
20830197-5,f8540cbd,CLS-7F15C,Confirmed,2024-05-27
778a8c26-5,988fbf6e,CLS-E2B2B,Confirmed,2024-03-19
422ee1b6-f,0cef28ca,CLS-37099,Attended,2024-08-13
ccacb2cf-7,054619b8,CLS-A7A6F,Attended,2024-10-28
5433b2d6-b,8443e232,CLS-BD9A4,Attended,2024-04-22
e646cf25-b,debe0ec7,CLS-1E3D7,Attended,2024-11-19
15f32278-e,3424f653,CLS-3B339,Attended,2024-09-08
84fffbd5-b,f1b4b7f7,CLS-15A43,No-show,2024-10-19
c6ef038c-e,20584233,CLS-37099,Attended,2024-06-02
90299948-1,4f90ba5b,CLS-7935C,No-show,2024-08-15
78f4108f-9,f5f0c005,CLS-4272D,Attended,2024-01-23
e553ea1e-8,54551151,CLS-5864B,Attended,2024-06-25
9524ad63-1,89d1e286,CLS-C4065,Attended,2024-03-10
37ed7206-b,ed5948eb,CLS-2A8C6,Attended,2024-09-08
c7a1d6a0-a,f4c3ae94,CLS-07970,Attended,2024-02-13
30c5528d-6,8704268b,CLS-2A8C6,No-show,2024-09-03
38d4b928-c,0e28dded,CLS-46AD3,Confirmed,2024-09-24
fbc497c6-2,d952b146,CLS-37099,No-show,2024-01-12
a41fd8ca-a,536a7bac,CLS-4D488,Attended,2024-12-02
ffee73f5-c,1743c239,CLS-8563B,Attended,2024-11-05
bb770e59-e,38e62b00,CLS-07970,Attended,2024-11-29
c32dd631-2,233dea15,CLS-76408,Attended,2024-08-12
cb21c189-4,ea3aa03e,CLS-56239,Attended,2024-09-06
76a1a9e4-5,19676de4,CLS-DC96C,No-show,2024-04-24
3306d3f6-0,4f90ba5b,CLS-89E6D,Attended,2024-07-11
f5b4019c-7,29cde1d1,CLS-C7E04,Attended,2024-08-22
fa686958-0,554d831d,CLS-44CC5,No-show,2024-09-26
6c7f2ed4-a,1e6a4c61,CLS-2A8C6,No-show,2024-12-12
f7dc94e1-c,cb17c182,CLS-D6F4D,Attended,2024-08-20
935114c3-d,725fc4a1,CLS-3B339,Attended,2024-05-26
2bffc558-e,c2728202,CLS-6163F,Attended,2024-12-13
09438fff-7,81a60181,CLS-8563B,Attended,2024-07-20
a284b04b-4,63aa5aa9,CLS-44CC5,Attended,2024-05-17
6b069914-f,dc0e8c24,CLS-8CF13,Confirmed,2024-06-29
65fe2cc1-6,b0d43c93,CLS-8CF13,No-show,2024-08-23
f7230bbe-5,330af097,CLS-15A43,Attended,2024-09-02
e16e7be1-e,0cef28ca,CLS-16EF1,Attended,2024-08-15
40ba0608-8,58b37d03,CLS-EC0C9,Confirmed,2024-06-16
2510c98d-8,c4b36280,CLS-59E6B,Attended,2024-04-17
f62f8ab2-f,734d8060,CLS-F212D,Confirmed,2024-03-27
63732228-4,b2c9b0e4,CLS-7F15C,No-show,2024-06-13
181b7f97-8,1d46356a,CLS-64316,Attended,2024-03-12
0f800cb4-5,19676de4,CLS-D6F4D,Confirmed,2024-06-13
305e7c7a-6,47aea087,CLS-B0964,Confirmed,2024-01-30
4f74438a-6,02b3b56c,CLS-15A43,Confirmed,2024-08-13
898c4a83-c,33f8b721,CLS-0EB30,Confirmed,2024-11-06
7b84b159-7,709c0293,CLS-AF4D7,Attended,2024-12-19
cf1c926d-c,77fef229,CLS-7935C,Attended,2024-08-31
3700920e-9,ccc720a3,CLS-4B71E,No-show,2024-05-10
c5b5ba05-7,3129a71f,CLS-EC0C9,Attended,2024-03-05
d58779fc-d,00862265,CLS-08980,Attended,2024-02-08
c804de36-3,2fae1dca,CLS-9EE21,No-show,2024-08-04
6e42bf68-4,5342ed1c,CLS-AF4D7,No-show,2024-03-15
c5f0a13d-d,65f267d8,CLS-7F15C,Attended,2024-03-25
28819c86-d,d95e4b0a,CLS-4272D,Attended,2024-05-26
dfcdff50-7,60d7e896,CLS-86D06,Attended,2024-08-23
b195edd5-6,bcb8809a,CLS-E37B8,Attended,2024-04-29
b6cfd1c7-0,d0ecbb09,CLS-4272D,Confirmed,2024-01-06
329cf9c6-3,3b8fed6d,CLS-4B71E,Confirmed,2024-10-12
ab7eee1e-b,3827a713,CLS-F212D,Attended,2024-06-28
bdb5d02a-b,eac4934a,CLS-B9558,Attended,2024-05-05
cb7f8c8d-e,cc753b41,CLS-C4065,Confirmed,2024-01-20
4f0738ad-5,c10e4645,CLS-16EF1,Attended,2024-03-24
8758a02c-0,bcb8809a,CLS-DC96C,Confirmed,2024-04-13
85cddffe-7,925c30f8,CLS-EA688,Attended,2024-11-10
d204047d-9,f5993578,CLS-E99F8,Attended,2024-07-30
864c7805-f,34f8c6fb,CLS-A2572,Attended,2024-05-17
c7e90772-8,65f267d8,CLS-6706B,Attended,2024-12-31
f5a8b6aa-f,f1f94384,CLS-46AD3,Confirmed,2024-02-09
e438d896-7,d55b2810,CLS-86D06,Confirmed,2024-09-17
98120238-e,7bd8fbdc,CLS-44CC5,Attended,2024-06-20
ee46d671-5,54551151,CLS-8CF13,Attended,2024-11-08
d674f3aa-c,53c7a186,CLS-BD9A4,No-show,2024-05-17
2b563d3b-7,a7372399,CLS-4B7C6,Attended,2024-11-14
2bdbb4fa-0,c573c64e,CLS-8CF13,Attended,2024-10-31
223d7da2-6,bbee92d9,CLS-08980,Attended,2024-01-04
cb1fc68c-9,09cf4c3d,CLS-16EF1,Attended,2024-07-28
5cec0261-8,42e86069,CLS-A2572,Attended,2024-04-06
5bd5c52d-5,31b81ada,CLS-07970,No-show,2024-03-04
c116c144-a,14f3f8bd,CLS-1FB2E,No-show,2024-06-21
dfe863ac-5,e56fc482,CLS-08BFB,Attended,2024-04-03
be591bfd-4,cbd69211,CLS-C7E04,Attended,2024-07-06
c3873eb0-e,81a60181,CLS-546F0,Attended,2024-05-26
384c34e7-4,f7567a5e,CLS-08BFB,Confirmed,2024-09-15
6755cba0-4,a491f812,CLS-1FB2E,No-show,2024-05-24
8e3f1e39-6,5cac683a,CLS-D6F4D,Attended,2024-05-30
ae9b1499-b,8e2396fa,CLS-6E679,Attended,2024-02-16
81fbfb04-9,7bd8fbdc,CLS-6163F,No-show,2024-09-08
31434f7b-c,b56f0ecb,CLS-5D91E,Confirmed,2024-11-16
e37e66b9-a,2b0f85bc,CLS-2E9CF,Attended,2024-01-07
cd794ac5-9,24cbb1a8,CLS-9EE21,Attended,2024-12-05
9c258056-b,2ddd5bbc,CLS-8CF13,Attended,2024-11-22
a7ee843b-4,d95e4b0a,CLS-76408,Attended,2024-09-22
6f3deb61-1,9b96783d,CLS-F212D,Attended,2024-03-13
8d355552-5,0684c2bd,CLS-BD9A4,No-show,2024-08-06
c5fab415-e,50bcfe9d,CLS-6E679,Attended,2024-05-22
a8f45e86-5,aee28b2f,CLS-76408,Attended,2024-05-20
87f9370f-f,7fbb188b,CLS-EA688,Attended,2024-07-01
492d1ba9-2,b4f76843,CLS-2E9CF,Attended,2024-11-25
6008e6da-f,a361c56f,CLS-8CF13,Attended,2024-06-28
0f4b3e66-8,b0d43c93,CLS-6E679,Attended,2024-02-21
399e4f52-f,cfa2875c,CLS-EC0C9,Attended,2024-11-12
b260b2c9-5,00ea28ba,CLS-1FB2E,Attended,2024-05-25
cb03d0c7-6,92a7724e,CLS-EC0C9,Attended,2024-09-13
7ec5d3f0-1,c3ed93ee,CLS-A8A19,Attended,2024-11-21
d1d1dc03-6,8bc8fb49,CLS-EC0C9,No-show,2024-06-25
8669ca66-5,a85b8fef,CLS-C7E04,Attended,2024-01-13
abe8b493-1,e6b5e2f1,CLS-8CF13,Confirmed,2024-08-04
800f2ddb-8,05c5eab5,CLS-FEAB7,No-show,2024-10-04
9b40f0fa-9,3b8fed6d,CLS-D6F4D,Attended,2024-02-14
064154ea-6,619ee721,CLS-6163F,No-show,2024-08-24
10352d9f-f,ae5fe508,CLS-E2B2B,No-show,2024-06-17
a530ff04-e,23ec23c5,CLS-46AD3,Attended,2024-11-03
66e1a63a-3,8704268b,CLS-64316,Attended,2024-10-12
eece9773-a,0c30daa0,CLS-59E6B,Confirmed,2024-03-23
196fd827-b,a5aef5a5,CLS-751A9,Attended,2024-05-23
6d305e90-8,c3ed93ee,CLS-DC96C,Attended,2024-11-24
8528e806-f,3a7895f8,CLS-3BCD1,Attended,2024-12-27
cf3350ec-7,8540cfff,CLS-1FB2E,Attended,2024-09-03
a7720f55-5,5342ed1c,CLS-1FB2E,Attended,2024-08-16
71031230-6,6f2121c1,CLS-5D91E,Confirmed,2024-11-25
508584c4-a,540b3a9a,CLS-17367,Confirmed,2024-09-26
41065ebb-7,84efc9ca,CLS-86D06,Attended,2024-03-23
ea016d2f-2,23c2f847,CLS-2A8C6,Attended,2024-03-03
ceaf96ab-2,0c30daa0,CLS-AB1DF,Attended,2024-07-27
b2a0fefa-a,3424f653,CLS-6E679,Attended,2024-12-14
91cad283-5,02b3b56c,CLS-E37B8,Attended,2024-12-24
bff518a4-7,f8540cbd,CLS-9EE21,Attended,2024-05-11
d66a58b5-5,9ce412c1,CLS-FEAB7,Attended,2024-11-21
eec54eb9-a,5cbc5242,CLS-A8A19,No-show,2024-09-03
823c9bf9-0,02e72e64,CLS-1E3D7,Confirmed,2024-03-09
c5268091-b,ba578f8e,CLS-6E679,Attended,2024-01-08
19f1e3ca-3,8443e232,CLS-E37B8,Attended,2024-05-29
91901cb4-8,9652662b,CLS-C7E04,Attended,2024-08-29
de6556a1-d,2cb8e7b4,CLS-AF4D7,Attended,2024-10-21
690f94bb-8,51e1462e,CLS-4272D,Attended,2024-06-08
02c09e69-0,1fc1b91f,CLS-B9558,Attended,2024-01-13
55add101-e,02e72e64,CLS-0EB30,Confirmed,2024-07-13
e75ff158-8,dc8f8d45,CLS-7935C,Confirmed,2024-09-24
b6b84052-6,e56fc482,CLS-25409,Attended,2024-08-01
eabd9e18-e,92ffb827,CLS-2A8C6,Attended,2024-05-15
56a731be-d,895640fb,CLS-0EB30,Attended,2024-04-16
d0703775-4,a5aef5a5,CLS-46AD3,Confirmed,2024-09-05
aed33cbe-4,3a9e7a3e,CLS-E2B2B,Confirmed,2024-09-20
21285598-8,7181d661,CLS-2A8C6,Attended,2024-02-07
537bea95-1,afc9f8fb,CLS-8CF13,Attended,2024-05-06
0c70c042-2,bcb8809a,CLS-5864B,Attended,2024-09-18
727fe902-9,13136a95,CLS-17367,No-show,2024-04-25
f8d67115-e,f5993578,CLS-E2B2B,Confirmed,2024-08-23
fc557ec8-0,2ea60c4e,CLS-546F0,Attended,2024-03-10
6ab3e721-2,3827a713,CLS-A8A19,Attended,2024-03-03
08e402c0-b,a47c1af9,CLS-08BFB,Attended,2024-04-23
da431af3-b,b37dd0ad,CLS-07970,Attended,2024-03-15
f3c49f29-b,b37dd0ad,CLS-89E6D,Attended,2024-02-14
d6a4f51f-a,ae5fe508,CLS-A8A19,Attended,2024-03-09
7bdac45f-e,b0d43c93,CLS-6E679,Attended,2024-04-18
668209f5-7,a491f812,CLS-E2B2B,Attended,2024-07-08
8a09b810-0,027ce6d0,CLS-6E679,Attended,2024-04-21
e235507d-7,7388cf62,CLS-46AD3,Attended,2024-06-15
7ac02bb7-1,281f35f3,CLS-AB1DF,Confirmed,2024-06-10
478f36c5-8,550191d7,CLS-86D06,Attended,2024-01-10
087a54ee-3,9c704859,CLS-46AD3,Confirmed,2024-01-10
bbe6f99d-4,0019f444,CLS-64316,Attended,2024-08-18
4d04be82-8,925c30f8,CLS-8CF13,Attended,2024-07-21
a67e7c6b-a,bf86c982,CLS-17367,Attended,2024-09-06
2fe98086-1,9ae4ae19,CLS-6163F,Attended,2024-08-24
14d0fa95-0,1867210e,CLS-EA688,No-show,2024-04-07
3421f1a9-1,cf8a93dc,CLS-BD9A4,No-show,2024-08-20
a5b63606-3,c67276c1,CLS-16EF1,Attended,2024-09-14
31819077-c,8e2396fa,CLS-15A43,Attended,2024-03-06
d3e9275a-7,ef4186c0,CLS-EA688,Attended,2024-12-09
a093faea-8,01ace804,CLS-D6F4D,Confirmed,2024-09-12
bd3046d3-1,dc5a1e62,CLS-25409,Attended,2024-08-26
47049481-9,c9e7a57c,CLS-BD9A4,Attended,2024-11-23
c79b25b8-2,3522444d,CLS-F212D,Attended,2024-08-10
8cc87758-4,e88de345,CLS-5864B,Attended,2024-08-24
a912b4a7-5,8443e232,CLS-A2572,Confirmed,2024-01-27
9ad8a286-7,f708018e,CLS-C4065,No-show,2024-03-28
37ebc553-e,3b0a7079,CLS-5864B,Attended,2024-12-04
e34e815f-7,587cd75f,CLS-86D06,Confirmed,2024-05-12
c479fcf6-c,a8e3f614,CLS-49E17,Attended,2024-09-29
be6ae534-9,1674a73e,CLS-08980,Attended,2024-05-16
cc14d2ef-e,f5f0c005,CLS-46AD3,Attended,2024-03-04
25fa0776-4,c4b36280,CLS-15A43,Attended,2024-12-11
6d88a8f0-0,f708018e,CLS-4B7C6,Attended,2024-05-17
eae681e1-e,a57f35db,CLS-64316,Attended,2024-08-21
68717f22-8,054619b8,CLS-5864B,Attended,2024-10-01
e53a3e08-9,f4c3ae94,CLS-C4065,Attended,2022-03-13
21020ea6-2,3e88e16d,CLS-B9558,Attended,2024-08-24
32c90475-7,82a61dd8,CLS-DC96C,Attended,2024-09-06
660b92c1-f,7a540feb,CLS-5864B,Attended,2024-08-18
01ace95e-e,20d75d0c,CLS-751A9,Attended,2024-07-18
cef2cbfe-e,f1b4b7f7,CLS-76408,No-show,2024-12-07
b06d0012-b,b4351e11,CLS-1E3D7,Confirmed,2024-12-27
5080495c-0,92664aa5,CLS-B0964,No-show,2024-03-25
51381727-f,8540cfff,CLS-9EE21,Attended,2024-04-28
99e51926-5,f7567a5e,CLS-A8A19,Attended,2024-12-26
5f74d03d-c,31b81ada,CLS-9EE21,Confirmed,2024-02-28
8c0e3cf5-6,b6df5702,CLS-56239,Confirmed,2024-03-09
cba30ce8-c,24cbb1a8,CLS-FEAB7,No-show,2024-01-16
9e57f71f-7,1b2eff9b,CLS-8563B,Attended,2024-11-13
056b3bc4-2,e9f4c6f9,CLS-6E679,Confirmed,2024-01-24
f0e5fc40-f,3e88e16d,CLS-2A8C6,Confirmed,2024-07-25
1322c888-8,dd6dd3ff,CLS-7935C,Attended,2024-07-01
636e3554-e,16768807,CLS-5D91E,Confirmed,2024-06-24
e07b7d46-e,0c196761,CLS-86D06,Attended,2024-02-16
1f61319d-d,39de5a22,CLS-4B7C6,Confirmed,2024-10-10
d7ea19be-9,3b8fed6d,CLS-0EB30,Confirmed,2024-01-03
e2377582-3,0857b9f8,CLS-FEAB7,Attended,2024-09-01
12248a73-d,c5b8c88d,CLS-44CC5,Attended,2024-02-24
245c6709-2,9987b208,CLS-B9558,Attended,2024-08-03
424d639b-8,20584233,CLS-15A43,Confirmed,2024-06-13
09b4b828-c,f1f94384,CLS-2A8C6,Attended,2024-08-29
58d3708e-6,c50c65bc,CLS-AB1DF,Attended,2024-01-06
4521c46a-9,b355100c,CLS-CEB51,Attended,2024-09-17
a5c81c09-7,67f6fe1b,CLS-E2B2B,Attended,2024-12-29
025e53dc-9,330af097,CLS-08980,No-show,2024-08-31
a4645980-d,bbee92d9,CLS-0EB30,Attended,2024-10-31
5580c1d5-0,ea847203,CLS-9EE21,Confirmed,2024-12-12
de4742a5-b,b3db0c26,CLS-5864B,Attended,2024-01-22
8cf0e775-4,3a7895f8,CLS-08980,Attended,2024-10-19
28039db3-6,9feb9904,CLS-8CF13,Attended,2024-04-05
ed5d03e0-f,2c137ac1,CLS-4B7C6,No-show,2024-10-29
cf4796b2-4,acd69259,CLS-E37B8,Attended,2024-08-23
29e9d199-a,84f71918,CLS-EA688,Attended,2024-06-19
a1fc2855-a,09f0639a,CLS-B0964,Attended,2024-05-10
6994179d-5,99d3c53d,CLS-546F0,No-show,2024-07-01
798aa919-1,d952b146,CLS-AB1DF,Attended,2024-12-16
38cd3346-d,3a9e7a3e,CLS-AF4D7,Confirmed,2024-06-27
d86ddd3b-4,74637531,CLS-EA688,Attended,2024-12-15
953567ff-2,3239c726,CLS-76408,Attended,2024-10-18
cffe5a1a-5,290de067,CLS-4B71E,Attended,2024-11-21
cf4b48d6-5,2fae1dca,CLS-8563B,Attended,2024-04-01
d508a005-1,93063d77,CLS-64316,Attended,2024-06-28
847f5e59-c,77fef229,CLS-46AD3,Attended,2024-10-01
583b6c36-8,20d75d0c,CLS-546F0,Attended,2024-11-14
30603606-e,20584233,CLS-15A43,Attended,2024-11-25
13997ced-2,7ad84e53,CLS-FEAB7,Attended,2024-03-13
65895774-3,a47c1af9,CLS-DC96C,Attended,2024-04-12
e08900fc-e,e2286b77,CLS-1FB2E,Attended,2024-05-07
30751d63-b,b2c9b0e4,CLS-56239,Attended,2024-04-14
2cd105e6-6,da76e1a5,CLS-C4065,Attended,2024-11-19
6fe4d89d-7,0e28dded,CLS-07970,Confirmed,2024-12-16
74bbe58c-a,42e86069,CLS-86D06,Attended,2024-07-26
f8d210d6-6,1743c239,CLS-49E17,Attended,2024-03-11
f893f412-8,50bcfe9d,CLS-44CC5,Attended,2024-04-03
7d7e10bf-d,a7372399,CLS-1E3D7,Attended,2024-07-29
d13b96dd-6,aa1e4428,CLS-DC96C,Attended,2024-07-04
50cebfef-1,d36fbad2,CLS-3BCD1,Attended,2024-03-23
5b05182a-2,0b7e22c3,CLS-9EE21,Attended,2024-04-13
67033a58-1,2fae1dca,CLS-B9558,Attended,2024-04-27
b100dc7a-1,2ae031db,CLS-4B7C6,Attended,2024-09-18
97e0b558-6,d36fbad2,CLS-4B71E,Attended,2024-09-16
869b2fe2-5,3b0a7079,CLS-EC0C9,Attended,2024-04-12
f15b465f-9,03623d7b,CLS-4D488,Attended,2024-05-09
91ad9007-a,846a8271,CLS-37099,Attended,2024-12-04
c8e08c86-1,49ad5e2e,CLS-1FB2E,No-show,2024-02-11
0d90849a-4,c92b5fce,CLS-56239,Attended,2024-08-18
bffc6383-1,571e384d,CLS-49E17,Attended,2024-03-19
bf6407c1-1,9a8dd66b,CLS-37099,Attended,2024-12-23
62d84084-b,f5993578,CLS-EC0C9,Attended,2024-11-26
b021cc15-9,2a4259bc,CLS-6163F,Confirmed,2024-08-26
38a173a9-8,c573c64e,CLS-4B71E,No-show,2024-10-30
7f85928d-1,563194c9,CLS-E2B2B,Confirmed,2024-09-28
ebbc77c3-0,441b9287,CLS-3BCD1,Attended,2024-01-29
b90d77b8-f,67f6fe1b,CLS-546F0,Attended,2024-06-05
d63ea2cc-8,9987b208,CLS-EC0C9,Attended,2024-07-29
4cc35235-7,7bacc62e,CLS-44CC5,Attended,2024-07-22
39ba4e98-6,4b2c939b,CLS-16EF1,Attended,2024-07-28
e1d9cb14-e,c9c7f0a3,CLS-6E679,Attended,2024-11-19
e91f5e48-c,e3f28235,CLS-49E17,Attended,2024-08-21
427000a1-4,a85b8fef,CLS-AF4D7,Attended,2024-07-01
cc5701fe-0,b6df5702,CLS-86D06,No-show,2024-05-21
c42c43d9-4,846a8271,CLS-25409,Attended,2024-07-19
42c4d18e-f,554d831d,CLS-4B7C6,No-show,2024-04-05
83b0c92b-1,227e3777,CLS-76408,Confirmed,2024-05-13
a6b28918-1,7ad84e53,CLS-44CC5,No-show,2024-11-30
47de6f10-1,290de067,CLS-EA688,Attended,2024-07-11
939f4c7f-8,cf8a93dc,CLS-5864B,Attended,2024-11-27
d8fb4f69-b,16768807,CLS-2A8C6,Confirmed,2024-02-28
a2a6f93b-8,e5e73b5d,CLS-C4065,Confirmed,2024-04-28
400c0527-4,6f6e3521,CLS-BD9A4,Attended,2024-11-15
e350eca3-5,0046a040,CLS-4B7C6,Attended,2024-06-25
b993e222-e,52b44512,CLS-AB1DF,Attended,2024-04-21
b55567c4-f,d0424e3c,CLS-4272D,Attended,2024-03-25
1e48356c-5,7594c1f4,CLS-2A8C6,Confirmed,2024-03-17
91fb23c9-d,d55b2810,CLS-751A9,Attended,2024-12-23
78c44a29-0,f9467fc8,CLS-3BCD1,Confirmed,2024-04-09
b2f9e10e-1,d8110098,CLS-7F15C,No-show,2024-06-14
fd226d14-8,79715a19,CLS-4272D,Confirmed,2024-08-23
96ef328e-3,47aea087,CLS-E99F8,Attended,2024-02-28
a00a499e-6,7fdaba4f,CLS-751A9,Attended,2024-03-01
c4f7effd-b,42bc5995,CLS-7935C,No-show,2024-04-16
2159af05-0,057872b3,CLS-6163F,Attended,2024-11-27
15e69ed4-4,c2728202,CLS-9EE21,Attended,2024-08-07
5528242e-2,cf8a93dc,CLS-EA688,Confirmed,2024-02-25
18d299ec-6,8a7bf578,CLS-6706B,No-show,2024-10-06
3bb16d00-4,cf10c67d,CLS-86D06,Confirmed,2024-09-14
b2f26d82-3,3eed1021,CLS-A2572,Attended,2024-05-17
fec92a46-c,0c40ac25,CLS-C4065,Attended,2024-08-24
888217fb-8,d95e4b0a,CLS-4D488,Attended,2024-09-09
bad6ac6f-a,1050f556,CLS-AB1DF,Attended,2024-11-06
66467462-c,ae5fe508,CLS-5D91E,Attended,2024-12-27
53841a80-e,1da3845b,CLS-C4065,Attended,2024-01-21
35d12895-1,bb58f63e,CLS-2A8C6,No-show,2024-07-09
5f96bd6f-1,9ae4ae19,CLS-49E17,Confirmed,2024-04-19
4dc555f6-2,717c21f6,CLS-5864B,Attended,2024-10-13
d7e324b7-b,8adb8940,CLS-EC0C9,Attended,2024-12-12
e65df103-9,483c65ac,CLS-A2572,Confirmed,2024-07-14
fad6a493-1,e8e4a45a,CLS-37099,Attended,2024-06-19
06e30815-2,7fbb188b,CLS-07970,Attended,2024-03-25
c7afa0ef-5,18b73fa5,CLS-2A8C6,Confirmed,2024-05-14
df29de2a-d,8b98ab14,CLS-6163F,No-show,2024-09-16
c9eb1085-3,73dc753d,CLS-D6F4D,Attended,2024-07-11
19f8621d-b,1ff9b28c,CLS-56239,Attended,2024-01-02
edad9d42-5,c9c7f0a3,CLS-B9558,Confirmed,2024-03-02
8e3a2af0-1,a668442a,CLS-CEB51,Attended,2024-02-02
ad04cd15-8,d55b2810,CLS-16EF1,No-show,2024-06-17
8255193c-3,579bfa6d,CLS-F212D,No-show,2024-06-14
288de0d1-8,a70de20b,CLS-C4065,Attended,2024-10-04
38cbc9a5-4,9652662b,CLS-7935C,Attended,2024-12-23
9b80923b-b,554d831d,CLS-08BFB,Attended,2022-06-06
c296b0a8-0,eff9b23f,CLS-A7A6F,No-show,2024-01-25
aeb8db67-f,3691d71b,CLS-E2B2B,Attended,2024-06-26
58d3b72f-b,a5e3ba8d,CLS-FEAB7,Attended,2024-03-06
ea4d818d-8,c10e4645,CLS-6E679,Attended,2024-10-07
835c900d-2,18b73fa5,CLS-56239,Attended,2024-08-12
30d20ff7-7,49ad5e2e,CLS-A7A6F,Attended,2024-01-16
5cbe3699-7,e8e4a45a,CLS-4272D,Attended,2024-01-16
1e5fd702-d,24d83fab,CLS-B0964,Attended,2024-04-10
29372571-8,3691d71b,CLS-6706B,Attended,2024-04-16
016adc30-1,c9c7f0a3,CLS-64316,Attended,2024-03-19
f742f5be-0,7fbb188b,CLS-6163F,Attended,2024-05-14
5fce76fc-b,b6df5702,CLS-1FB2E,Confirmed,2024-09-15
d6c984a9-e,7991738a,CLS-A8A19,Confirmed,2024-03-21
f958a415-8,e6b5e2f1,CLS-6706B,Attended,2024-06-28
18e418b5-6,6b44961c,CLS-89E6D,Attended,2024-04-24
dd3dcb04-2,c573c64e,CLS-46AD3,No-show,2024-01-26
c74af52d-c,b0d43c93,CLS-B0964,Attended,2024-03-12
dea2d058-2,ed238422,CLS-08BFB,Attended,2024-08-29
99eb524f-b,bb58f63e,CLS-08980,Confirmed,2024-03-08
a1abfaf3-c,057872b3,CLS-8CF13,Attended,2024-02-08
a99ffebd-2,e5857dd9,CLS-A7A6F,Attended,2024-02-02
19b8d4b4-8,f5f0c005,CLS-E2B2B,Attended,2024-10-28
bbb41264-c,cd41a93b,CLS-1E3D7,Attended,2024-01-27
55272c0f-a,cf8a93dc,CLS-F212D,Confirmed,2024-02-03
c8182d3d-9,734d8060,CLS-A8A19,Attended,2024-10-30
30e78ff9-3,3652761b,CLS-751A9,Attended,2024-02-08
5e19e2d4-4,0684c2bd,CLS-E99F8,Attended,2024-09-17
51c0a53b-a,32b8e3aa,CLS-7F15C,No-show,2024-12-10
c4ce6409-f,54551151,CLS-B9558,Attended,2024-06-22
175bc65a-8,63281acb,CLS-86D06,Confirmed,2024-10-28
b39e6287-5,0c196761,CLS-56239,Confirmed,2024-10-18
36a67ae4-8,281f35f3,CLS-4B7C6,Attended,2024-01-21
f26194dc-0,187f706f,CLS-C7E04,Attended,2024-04-23
a48e1386-e,3eed1021,CLS-64316,Attended,2024-09-06
152465a7-0,dc8f8d45,CLS-C4065,Attended,2024-04-11
8a6e95ee-b,a491f812,CLS-E99F8,Confirmed,2024-10-10
3a34a121-6,23c2f847,CLS-DC96C,Confirmed,2024-05-27
d94712da-5,f5f0c005,CLS-17367,Attended,2024-10-31
ef0e6c3f-4,b4f76843,CLS-C4065,Attended,2024-08-05
f6d6ce89-7,27cfddda,CLS-AB1DF,Attended,2024-06-15
03a9e0b1-4,c8a38ae9,CLS-4B7C6,Confirmed,2024-11-22
65eac7f2-b,832128cd,CLS-751A9,Attended,2024-01-02
da04af14-e,071ef3b4,CLS-89E6D,Attended,2024-01-20
fa4386d6-5,f7201646,CLS-15A43,Attended,2024-02-26
d95aed7a-5,7d00b5d4,CLS-4B7C6,Attended,2024-06-16
a7e88b5d-5,64b0e6f6,CLS-8563B,Attended,2024-08-27
3220a6a6-f,ddcf8038,CLS-0EB30,Attended,2024-05-09
26584663-e,e88de345,CLS-4D488,Confirmed,2024-09-04
731e3de0-5,e0ddafda,CLS-56239,Confirmed,2024-06-29
9a08ca40-0,619ee721,CLS-5D91E,Attended,2024-06-29
602c590e-c,41609775,CLS-08980,Attended,2024-05-08
bf544668-a,da123716,CLS-89E6D,Attended,2024-03-04
904788d3-8,47aea087,CLS-6706B,Attended,2024-04-13
d024e55f-a,d8110098,CLS-B0964,Attended,2024-03-31
de92d8ed-a,70286af1,CLS-0EB30,Attended,2024-05-22
502b7a7e-3,3885fd09,CLS-25409,Attended,2024-10-03
2da0c4fa-6,c4b36280,CLS-07970,No-show,2024-01-07
9f12c548-e,e5857dd9,CLS-F212D,No-show,2024-04-27
3ecd212d-f,52c9f149,CLS-7F15C,Attended,2024-03-15
821c3d5e-7,3239c726,CLS-08980,Attended,2024-07-28
62e688e2-2,040e226a,CLS-2E9CF,Attended,2024-02-11
2fbf5da6-3,b56f0ecb,CLS-08BFB,Attended,2024-01-24
02575a9c-5,70286af1,CLS-1E3D7,Attended,2024-08-25
1b850643-8,dd8a4ac0,CLS-89E6D,Confirmed,2024-02-12
b3f8b715-4,da76e1a5,CLS-C7E04,Attended,2024-11-11
198adf96-c,c9c7f0a3,CLS-5864B,Confirmed,2024-04-14
99465ebe-6,c024129b,CLS-C4065,Attended,2024-03-19
4c8c0bd3-a,0c30daa0,CLS-56239,Attended,2024-06-20
6c2d14cd-6,a70de20b,CLS-DC96C,Attended,2024-07-02
d0adedf9-4,3a9e7a3e,CLS-751A9,Attended,2024-07-06
87a6bebd-5,7a540feb,CLS-15A43,Attended,2024-06-19
2bc59a5a-7,0cfe4e4c,CLS-A7A6F,Attended,2024-12-15
b265efde-9,89d1e286,CLS-6E679,No-show,2024-04-24
a0380ec1-8,92ffb827,CLS-76408,Attended,2024-09-03
7b59c640-3,a47c1af9,CLS-08BFB,Confirmed,2024-05-25
95ba193c-c,5cbc5242,CLS-56239,Attended,2024-02-04
e6b3846d-6,6f2121c1,CLS-89E6D,Attended,2024-10-31
ad1a3d42-a,cf8a93dc,CLS-9EE21,Confirmed,2024-04-16
7355f227-b,35a12afe,CLS-8563B,Attended,2024-07-26
204104e3-d,8704268b,CLS-5864B,Attended,2024-12-23
88bcb84f-3,c5dd0f14,CLS-A8A19,Attended,2024-12-04
370aede8-f,bf5d11ab,CLS-8563B,Attended,2024-07-13
3a6a81e3-c,411c1a48,CLS-B0964,Attended,2024-03-06
6c7eafde-5,5cac683a,CLS-17367,Attended,2024-11-18
97c3630a-9,35a12afe,CLS-8CF13,Confirmed,2024-11-22
0c9898b6-4,24d83fab,CLS-4B7C6,Confirmed,2024-03-23
7c6067f7-e,233dea15,CLS-8563B,Attended,2024-09-23
f53e61f3-4,717c21f6,CLS-37099,Attended,2024-11-10
ffa28b13-a,be08ce2f,CLS-4D488,Attended,2024-03-03
82a519eb-5,52c9f149,CLS-AF4D7,Attended,2024-01-06
142bbb8a-a,cec159e8,CLS-89E6D,Attended,2024-11-17
6c30d6ef-0,b4351e11,CLS-E99F8,Attended,2024-12-14
60ee5661-9,9c704859,CLS-17367,Attended,2024-06-15
6e3c25c8-3,c2728202,CLS-44CC5,Attended,2024-11-11
d7782789-a,c6965237,CLS-BD9A4,Attended,2024-02-27
4950f77c-d,a70de20b,CLS-7F15C,Attended,2024-07-15
0b135372-8,c50c65bc,CLS-BD9A4,Attended,2024-05-19
3561b878-3,c573c64e,CLS-AF4D7,Attended,2024-01-09
cc971fdd-3,0c196761,CLS-5D91E,Attended,2024-04-30
03248ef7-7,ed5948eb,CLS-64316,No-show,2024-08-07
88d24d10-f,33f8b721,CLS-4B71E,Attended,2024-04-16
bf72b8af-5,0eac2342,CLS-A8A19,Attended,2024-07-14
de38d8f6-c,06e9bee5,CLS-5864B,Attended,2024-12-16
51fc46dd-d,06a35400,CLS-64316,Attended,2024-05-29
6eb6eb2f-e,24cbb1a8,CLS-86D06,No-show,2024-07-23
77198489-2,0cef28ca,CLS-76408,Attended,2024-03-11
3299a438-2,65f267d8,CLS-E99F8,Confirmed,2022-10-03
ed5ce895-b,0623fc4b,CLS-7F15C,No-show,2024-12-14
6cdc08c9-3,89d1e286,CLS-AF4D7,Attended,2024-06-18
bc53dc20-b,39ed3bbb,CLS-07970,Attended,2024-09-07
54461a9d-7,7d00b5d4,CLS-E99F8,Attended,2024-01-26
cd98dab0-3,c55ad0c5,CLS-2E9CF,Attended,2024-05-12
64776986-e,3f5456da,CLS-CEB51,Confirmed,2024-03-30
6e789462-4,76a3b04b,CLS-5D91E,Attended,2024-01-18
1dae726f-c,7b41442d,CLS-EC0C9,Confirmed,2024-03-23
0442a88d-c,5f012847,CLS-A7A6F,Attended,2024-11-13
51e3d745-a,8e2396fa,CLS-64316,Confirmed,2024-08-19
8a68e4dd-a,20490908,CLS-E2B2B,Attended,2024-01-16
f5a617f1-3,39de5a22,CLS-EA688,Attended,2024-01-16
3103f3ca-5,9e7cf81c,CLS-4B7C6,Attended,2024-01-11
f1a471c0-c,c4b36280,CLS-F212D,Attended,2024-11-21
bc5f12fa-1,ea43c350,CLS-E2B2B,Attended,2024-04-28
75ec6c54-6,b37dd0ad,CLS-76408,Attended,2023-11-10
3bdd25c7-6,7f5ce621,CLS-9EE21,Attended,2024-07-02
54b68780-a,3827a713,CLS-6706B,Attended,2024-07-12
cd34c63f-c,71f27551,CLS-25409,No-show,2024-03-31
8ab6acdb-4,dfc00e1b,CLS-EC0C9,Attended,2024-11-28
894dc4bd-b,e7aa925b,CLS-7F15C,Attended,2024-08-07
c5ee648f-2,e9f4c6f9,CLS-3BCD1,Attended,2024-02-07
54171643-4,6e1f1074,CLS-751A9,Attended,2024-12-18
9673799e-9,bf86c982,CLS-CEB51,Attended,2024-04-02
91ed6b86-c,7bd8fbdc,CLS-8563B,Attended,2024-04-27
8244be37-7,ad7e1a34,CLS-4B71E,Attended,2024-05-16
b3091092-3,00d48244,CLS-A7A6F,Attended,2024-10-05
fd59b59c-0,a1a26b9e,CLS-1FB2E,No-show,2024-11-02
7c16fa2d-8,b37dd0ad,CLS-76408,Attended,2024-10-15
42e9e17f-e,cbd69211,CLS-15A43,Confirmed,2024-02-13
843e6628-e,62a1136f,CLS-3BCD1,Attended,2024-07-07
2a1064ff-9,c6965237,CLS-08980,Confirmed,2024-11-28
09a2e4ac-6,ccc720a3,CLS-751A9,Attended,2024-06-29
0a2b1355-c,3c7cae7d,CLS-E99F8,Attended,2024-03-18
cfc45c76-5,027ce6d0,CLS-2E9CF,Confirmed,2024-10-21
aa4f11b9-a,92ad437f,CLS-64316,Attended,2024-01-18
9bde051f-e,842f1b49,CLS-E37B8,Attended,2024-04-28
0ec00b43-a,cb6e59a7,CLS-DC96C,Attended,2024-06-05
3026bda0-6,53c7a186,CLS-E2B2B,No-show,2024-03-30
8c2c2778-5,a491f812,CLS-07970,Attended,2024-05-03
de80dc5c-b,42645b58,CLS-37099,Attended,2024-08-25
31234cc9-a,63281acb,CLS-6706B,Attended,2024-01-02
ef6724a7-a,8e2396fa,CLS-751A9,Attended,2024-07-23
cddc2007-5,abb474be,CLS-4D488,Attended,2024-05-23
a075e088-f,76a3b04b,CLS-A8A19,Attended,2024-09-26
9268061b-1,1c3cb995,CLS-E2B2B,Attended,2024-02-01
e30eb428-a,eff9b23f,CLS-AF4D7,Attended,2024-12-24
98038f6c-6,411c1a48,CLS-46AD3,Attended,2024-07-05
27e675ec-2,39ed3bbb,CLS-08980,Attended,2024-11-20
fb1f6392-e,1050f556,CLS-4272D,Confirmed,2024-04-11
821b7e65-c,5342ed1c,CLS-08980,Attended,2024-09-04
6b4f2ed1-9,c0c3bb2a,CLS-E2B2B,Attended,2024-08-04
db228761-d,33f8b721,CLS-49E17,Attended,2024-07-03
5a47e7cc-3,c2e37060,CLS-D6F4D,Confirmed,2024-07-01
df889994-4,33f8b721,CLS-D6F4D,Confirmed,2024-10-30
3363db1e-f,acd69259,CLS-7F15C,No-show,2024-08-09
7dd29539-1,f1b4b7f7,CLS-7F15C,Confirmed,2024-04-04
f2d0dff9-a,65f267d8,CLS-08980,Attended,2024-07-27
218f2c8d-f,af7642b1,CLS-751A9,Attended,2024-01-27
31c17816-5,97c45d46,CLS-6E679,Attended,2024-11-18
bd6d185b-c,4b2c939b,CLS-C4065,Attended,2024-11-25
f4029763-f,e56fc482,CLS-CEB51,Attended,2024-11-02
48efb549-d,7e8191e6,CLS-CEB51,Attended,2024-10-25
050462e9-7,73dc753d,CLS-5D91E,No-show,2024-12-14
9d91be4c-b,bec9f841,CLS-4B71E,No-show,2024-11-12
965dbb64-a,b112238a,CLS-56239,No-show,2024-02-23
9302f193-9,06a35400,CLS-15A43,Attended,2024-05-03
6b362473-a,608af226,CLS-B0964,Attended,2024-10-11
7daceb34-6,b3db0c26,CLS-0EB30,Attended,2024-04-15
fb034de1-2,652706a1,CLS-86D06,Attended,2024-08-06
38ffc4c1-1,e9f4c6f9,CLS-EA688,Attended,2024-04-24
ac575466-6,9ce412c1,CLS-F212D,No-show,2024-05-20
c88242f3-4,027ce6d0,CLS-9EE21,Confirmed,2024-08-20
06377f31-1,3a9e7a3e,CLS-6163F,Confirmed,2024-06-08
20108ab8-5,6663c194,CLS-08BFB,Confirmed,2024-07-21
72bd35fc-3,c0c5a4ba,CLS-15A43,Confirmed,2024-10-24
b9cc2650-2,58b37d03,CLS-37099,Attended,2024-03-15
d931d611-f,d6c62ea8,CLS-8CF13,Attended,2024-10-25
9ef35334-e,3791ed2d,CLS-08BFB,Confirmed,2024-04-25
4e843f66-f,9ae4ae19,CLS-17367,Attended,2024-01-01
0e8e22c1-f,00ea28ba,CLS-546F0,Attended,2024-07-21
6088db41-4,a0311b92,CLS-DC96C,Attended,2024-09-09
b0d7ea0d-4,06e9bee5,CLS-49E17,Attended,2024-06-26
3c6d1c48-4,3652761b,CLS-FEAB7,Attended,2024-06-17
20e11479-c,ca8d0527,CLS-751A9,Confirmed,2024-08-30
2fa6b5cc-b,1b50ac9a,CLS-25409,Attended,2024-10-29
2c0f7b98-9,20056d66,CLS-EA688,Attended,2024-12-04
511ce61b-4,1a39849a,CLS-6706B,Attended,2024-08-05
d9b60931-f,187f706f,CLS-A8A19,Attended,2024-08-25
3dcc0531-5,f7201646,CLS-751A9,Attended,2024-11-01
752d3ff7-4,988fbf6e,CLS-AF4D7,No-show,2024-12-10
725fb06c-3,cf8a93dc,CLS-A2572,Attended,2024-06-04
b8fb036c-9,dc8f8d45,CLS-07970,Attended,2024-07-14
82e5d5dd-7,1b50ac9a,CLS-CEB51,Confirmed,2024-07-07
cb16578a-7,e2286b77,CLS-86D06,No-show,2024-03-08
3e0aa12a-4,0c196761,CLS-751A9,Confirmed,2024-11-06
ade89444-c,3791ed2d,CLS-4272D,Confirmed,2024-08-02
1e72f106-f,1fc1b91f,CLS-AF4D7,Confirmed,2024-08-14
6c59825c-8,49ad5e2e,CLS-C7E04,Attended,2024-12-22
5b19b947-1,d0ecbb09,CLS-0EB30,No-show,2024-08-31
5d700ad6-f,b74b048b,CLS-F212D,Confirmed,2024-08-25
95350da9-6,cfa2875c,CLS-CEB51,Confirmed,2024-03-19
e65ebc8f-f,536a7bac,CLS-2E9CF,No-show,2024-08-11
00277544-a,c67276c1,CLS-7F15C,Attended,2024-05-24
d1373831-5,7fbb188b,CLS-37099,No-show,2024-03-01
49a72c36-c,1b2eff9b,CLS-C4065,Attended,2024-06-17
3a0db792-a,3eed1021,CLS-E2B2B,Confirmed,2024-03-24
dc3b7890-1,f25208b7,CLS-EC0C9,No-show,2024-04-04
4263fb89-6,1a80005e,CLS-CEB51,Confirmed,2023-08-09
c732e842-a,bb58f63e,CLS-3BCD1,Attended,2024-12-03
24d2882b-9,7b41442d,CLS-07970,Confirmed,2024-03-15
c7434111-d,14f3f8bd,CLS-2A8C6,No-show,2024-06-06
f0e1b0df-9,ea3aa03e,CLS-E37B8,Attended,2024-10-16
b3f3ace4-0,a80153c3,CLS-EC0C9,Confirmed,2024-05-11
302456f2-d,7fb3dddc,CLS-EA688,Attended,2024-08-25
fafedb25-d,d57f0a2b,CLS-4D488,Attended,2024-07-12
4ad47b15-f,411c1a48,CLS-751A9,Confirmed,2024-06-19
6ee0e131-3,c024129b,CLS-49E17,Confirmed,2024-04-14
17194742-f,536a7bac,CLS-F212D,Attended,2024-12-16
2b3cd7f9-1,4f617d4c,CLS-DC96C,Attended,2024-07-18
71220a4a-2,a4ffb39d,CLS-C4065,Attended,2024-06-06
b05f5cfb-e,84efc9ca,CLS-4B7C6,Attended,2024-03-20
1695dc7b-a,b155c1a6,CLS-86D06,Confirmed,2024-04-02
d8ce481c-4,42645b58,CLS-07970,Attended,2024-10-27
6da796a8-8,e0581cf1,CLS-08980,Confirmed,2024-10-20
dfa7848b-1,dc8f8d45,CLS-49E17,Attended,2024-04-11
a14609b0-9,7e460922,CLS-07970,Attended,2024-06-30
1a625702-1,84f71918,CLS-9EE21,Attended,2024-09-29
5a149d90-6,34d3f2b6,CLS-89E6D,Confirmed,2024-11-20
1ee34a99-a,a86285c1,CLS-9EE21,Attended,2024-10-10
c6747cec-b,3129a71f,CLS-56239,Attended,2024-09-01
1c7a5f26-1,2a4259bc,CLS-86D06,Attended,2024-07-13
61d5f97e-e,6eb0aee3,CLS-15A43,Attended,2024-07-23
6091c601-b,114f4d73,CLS-59E6B,Attended,2024-10-10
9cd2bd58-1,0cef28ca,CLS-A7A6F,Attended,2024-03-26
a811ac6b-8,0cfe4e4c,CLS-A8A19,Attended,2024-04-22
600754d8-0,50355bc7,CLS-4B71E,Attended,2024-08-29
62ae9069-5,24c2fe5d,CLS-EA688,Attended,2024-04-05
e33e4a24-f,cdf76715,CLS-546F0,Attended,2024-06-20
0b6d4cbb-3,2fae1dca,CLS-07970,Attended,2024-06-22
0b98a0ee-6,2fae1dca,CLS-B0964,Attended,2024-05-25
4ef7022a-6,1743c239,CLS-B9558,Attended,2024-08-05
abde78ec-b,d23fe9b1,CLS-6E679,Attended,2024-07-28
8095607e-a,54c61e24,CLS-AB1DF,Attended,2024-03-19
b9386bcf-d,b0d43c93,CLS-07970,Attended,2024-06-20
94ec50b8-6,06f2a1f0,CLS-76408,Attended,2024-12-04
9671e45c-f,0623fc4b,CLS-25409,Attended,2024-08-21
2c7ecb66-9,1c2caaa4,CLS-751A9,Attended,2024-06-28
8002330c-f,c0c3bb2a,CLS-1FB2E,Attended,2024-04-22
0f57995d-3,42645b58,CLS-5D91E,Attended,2024-09-20
83f28465-e,6f2121c1,CLS-25409,Confirmed,2022-04-21
819041ff-a,c92b5fce,CLS-17367,Attended,2024-12-12
8f42e18e-e,5a36eb86,CLS-751A9,Attended,2024-10-16
0804804c-c,27cfddda,CLS-16EF1,Attended,2024-03-06
c0d7aea5-6,dc2b2125,CLS-56239,Attended,2024-05-06
2f92c4cf-4,b213e981,CLS-2E9CF,Attended,2024-12-19
9abbd11d-3,7f5ce621,CLS-44CC5,Confirmed,2024-07-31
02925a8f-0,09cf4c3d,CLS-46AD3,Attended,2024-06-18
67d99352-e,54551151,CLS-56239,Confirmed,2024-10-30
24326bc0-e,f761da01,CLS-76408,Attended,2024-12-07
4b714775-2,049c78d2,CLS-6E679,Confirmed,2024-08-05
f7b7c70a-4,f708018e,CLS-3BCD1,No-show,2024-12-14
51209218-4,18b73fa5,CLS-16EF1,Attended,2024-03-23
609763d1-0,afc9f8fb,CLS-4B71E,Confirmed,2024-01-03
e8de1bd5-3,a491f812,CLS-89E6D,No-show,2024-06-11
4abcf14e-8,32b8e3aa,CLS-7935C,Attended,2024-01-30
95925d4d-2,67f6fe1b,CLS-C4065,Confirmed,2024-12-25
c7e2c595-8,0019f444,CLS-AF4D7,No-show,2024-08-17
5f290a78-1,187f706f,CLS-25409,Attended,2024-04-22
a9bc41e7-e,da7559af,CLS-07970,Attended,2024-04-17
3e9012ac-e,00ea28ba,CLS-46AD3,Attended,2024-08-18
c9510822-f,f1f94384,CLS-17367,Attended,2024-08-29
91a8b4f9-5,0857b9f8,CLS-1FB2E,No-show,2024-01-11
6946f931-0,19676de4,CLS-A8A19,Attended,2024-12-15
ade09df4-c,3b0a7079,CLS-5D91E,Attended,2024-06-29
5e1857b9-c,67f6fe1b,CLS-DC96C,Attended,2024-12-23
984d5351-d,e5857dd9,CLS-37099,Attended,2024-01-10
99b18959-4,3a7895f8,CLS-44CC5,Confirmed,2024-02-27
c22a473d-c,27cfddda,CLS-44CC5,Attended,2024-07-30
444b2bf0-e,cb17c182,CLS-76408,Attended,2024-03-01
ce3e5696-2,59dce2f9,CLS-5D91E,Confirmed,2024-02-26
cc14acea-6,00ea28ba,CLS-CEB51,Confirmed,2024-02-22
7f434b96-9,cd41a93b,CLS-59E6B,Attended,2024-01-26
8a80b485-3,0e28dded,CLS-56239,No-show,2024-11-13
133424c1-4,a455e790,CLS-37099,Confirmed,2024-12-21
75558eca-3,1c2caaa4,CLS-8CF13,Attended,2024-06-14
ddec302c-c,a668442a,CLS-4B7C6,No-show,2024-10-02
7d5fe69d-b,20584233,CLS-0EB30,Attended,2024-11-27
93ac62fe-2,d55b2810,CLS-1E3D7,Confirmed,2024-06-09
a813156c-c,468bec1e,CLS-AB1DF,Confirmed,2024-04-18
6769b961-e,4f90ba5b,CLS-6163F,Attended,2024-09-19
9c88af29-8,34d3f2b6,CLS-1E3D7,No-show,2024-02-12
a8e9fe75-1,63aa5aa9,CLS-89E6D,No-show,2024-07-27
d4d58b0d-7,65f267d8,CLS-6706B,No-show,2024-12-20
31268efa-4,d36fbad2,CLS-AF4D7,Confirmed,2024-02-28
ebb1a027-d,8bc8fb49,CLS-AF4D7,Confirmed,2024-09-19
6120a0c5-f,a5aef5a5,CLS-49E17,Confirmed,2024-09-17
1cb47580-3,c50c65bc,CLS-2A8C6,Confirmed,2024-05-31
600c2a67-d,1b465efd,CLS-4272D,Confirmed,2024-04-05
f0d5f019-6,51e1462e,CLS-FEAB7,Confirmed,2024-04-28
94af40dc-a,b112238a,CLS-15A43,Attended,2024-04-01
f1948fc2-7,75be0817,CLS-08BFB,Attended,2024-07-10
8368732a-3,20490908,CLS-6706B,Attended,2024-10-17
efa006fb-7,e0581cf1,CLS-B0964,Attended,2024-12-08
ed936947-9,4df74960,CLS-3BCD1,Attended,2024-02-22
3a709272-b,604ceba6,CLS-5D91E,Attended,2024-10-27
61e8cb18-7,c6848f08,CLS-2E9CF,Attended,2024-11-20
f73ca3e9-4,cd41a93b,CLS-E37B8,No-show,2024-09-05
fe1a335b-1,53fb066a,CLS-FEAB7,Confirmed,2024-08-30
88bf5039-0,0ac8794f,CLS-7F15C,Attended,2024-02-08
aba8b823-8,09f0639a,CLS-E99F8,Confirmed,2024-08-31
ddaeaae5-0,c6016f31,CLS-3BCD1,Confirmed,2024-12-05
80d4cf02-1,c0c5a4ba,CLS-7935C,Attended,2024-09-08
4e258501-4,c93c201d,CLS-BD9A4,Attended,2024-10-25
8c98ab50-3,53fb066a,CLS-E99F8,Attended,2024-06-13
069ab0b4-e,e56fc482,CLS-5D91E,Attended,2024-04-15
12c9ce7e-a,a4ffb39d,CLS-8CF13,Attended,2024-05-09
9c274dc6-3,93063d77,CLS-9EE21,Attended,2024-01-22
97ef83b5-5,f7a04965,CLS-CEB51,Confirmed,2024-02-26
5f84dae4-6,42645b58,CLS-EC0C9,Confirmed,2024-05-11
58a387d6-d,7991738a,CLS-FEAB7,Attended,2024-05-25
265af0b0-2,dd8a4ac0,CLS-4B7C6,Confirmed,2024-07-26
34dd5bf3-0,38e3513a,CLS-AF4D7,Attended,2024-04-02
f0f859d3-2,832128cd,CLS-6E679,Attended,2024-04-17
f1cf3721-7,7e460922,CLS-AF4D7,Confirmed,2024-11-14
63d024f2-1,b74b048b,CLS-B9558,Attended,2024-06-07
d5c63fa7-f,c67276c1,CLS-F212D,No-show,2024-11-09
a1f36fcb-0,1b2eff9b,CLS-59E6B,Attended,2024-06-19
8ffa47e2-a,7fb3dddc,CLS-8CF13,Confirmed,2024-12-06
58f29ffc-a,c0c5a4ba,CLS-44CC5,Attended,2024-09-17
98288816-f,6b817bb8,CLS-16EF1,Confirmed,2024-12-07
f9e89fc8-1,da7559af,CLS-7935C,Attended,2024-05-25
78ecd3f7-0,a5e3ba8d,CLS-4D488,Attended,2024-07-24
a3ce1189-6,19676de4,CLS-7F15C,Attended,2024-11-17
723ce7c2-8,84d817c2,CLS-6163F,Confirmed,2024-02-18
f45f6616-7,64b0e6f6,CLS-C4065,Attended,2024-08-17
fe5f9a49-2,9987b208,CLS-3B339,Attended,2024-01-14
59fe31d2-6,0e28dded,CLS-7F15C,Attended,2024-11-18
8bba6eea-f,1d909838,CLS-07970,No-show,2023-11-29
b4c4e20c-4,d0706bc6,CLS-CEB51,Attended,2024-05-14
1ba88f22-0,f81e4935,CLS-7935C,No-show,2024-07-03
de23f1b4-6,3652761b,CLS-6706B,No-show,2024-01-17
6e341d1f-3,c5dd0f14,CLS-4D488,Attended,2024-08-01
af2ce4d4-6,7388cf62,CLS-1E3D7,Confirmed,2023-03-03
2efd8ad9-7,4441e63c,CLS-4B71E,No-show,2024-12-07
8da798cb-b,895640fb,CLS-B9558,No-show,2024-09-23
22f0924c-d,f5993578,CLS-B9558,Attended,2024-02-09
f25e400c-b,9c704859,CLS-08980,Attended,2024-04-23
7bfd344b-5,35d8673d,CLS-64316,Attended,2022-07-10
d3cc774c-a,1a80005e,CLS-DC96C,Attended,2024-02-20
09fc8cd2-7,d36fbad2,CLS-56239,Attended,2024-06-09
7fddfd86-e,cdf76715,CLS-AB1DF,Attended,2024-08-19
faecd78a-8,99d3c53d,CLS-AF4D7,Confirmed,2024-08-14
b4e4cdb3-e,01203ea6,CLS-2E9CF,Attended,2024-11-19
24524373-c,6462cc06,CLS-17367,Attended,2024-09-26
b95d6cc4-6,f7567a5e,CLS-1FB2E,Attended,2024-12-31
026132fb-5,1c3cb995,CLS-15A43,Attended,2024-12-19
4a55c387-7,a4ffb39d,CLS-44CC5,Attended,2024-10-05
b11b6798-3,2cb8e7b4,CLS-EA688,No-show,2024-12-13
e2934476-8,124c727f,CLS-AF4D7,Attended,2024-05-26
09d34c6b-2,9db7846d,CLS-EC0C9,Attended,2024-10-26
83c2f26e-a,a491f812,CLS-C4065,Attended,2024-11-19
21d07c2b-6,24c2fe5d,CLS-A8A19,Attended,2024-06-01
094661c0-9,d23fe9b1,CLS-7F15C,Attended,2024-07-12
ef99c8d7-7,c9c7f0a3,CLS-3BCD1,Attended,2024-07-06
4ef36a25-9,6e1f1074,CLS-4D488,No-show,2024-02-22
1543c8a0-4,db9947bd,CLS-5D91E,Attended,2024-02-19
96fe04f2-8,3e88e16d,CLS-7935C,Confirmed,2024-11-17
aac75417-d,619ee721,CLS-E2B2B,Confirmed,2024-08-13
45c931ab-2,97c45d46,CLS-DC96C,Attended,2024-09-26
bd7c9366-2,f7a04965,CLS-6E679,Attended,2024-06-16
d3197e63-4,016c397f,CLS-CEB51,Attended,2024-05-25
b7edae81-8,e5e73b5d,CLS-89E6D,Confirmed,2024-02-10
61d02846-9,842f1b49,CLS-4D488,Attended,2024-04-25
4e59a8b3-b,3c7cae7d,CLS-76408,No-show,2024-10-08
8b3f2c70-0,63281acb,CLS-8CF13,Attended,2024-10-18
dcde69c1-a,51e1462e,CLS-4B71E,Attended,2024-05-21
eefaea07-d,b37dd0ad,CLS-546F0,Attended,2024-03-01
33f5c60e-d,f25208b7,CLS-FEAB7,No-show,2024-05-27
3d6ca032-b,483c65ac,CLS-76408,Attended,2024-07-08
bec00fa0-f,9dda7968,CLS-89E6D,Attended,2024-05-15
4b8c67c7-8,a9a734d5,CLS-E37B8,Attended,2024-12-26
c01ca076-5,a57f35db,CLS-6E679,No-show,2024-05-16
10db176a-4,c5dd0f14,CLS-44CC5,Attended,2024-10-06
23ce9f3d-6,f80923b7,CLS-0EB30,Attended,2024-12-11
87708c42-f,f5993578,CLS-46AD3,Attended,2024-05-26
acdef0bd-b,d55b2810,CLS-7935C,Attended,2024-09-12
2ea3e31d-3,65f267d8,CLS-5D91E,Confirmed,2024-10-23
eb9d9b9b-c,c024129b,CLS-7935C,Attended,2024-05-28
4861db06-d,77f83c9f,CLS-17367,Attended,2024-08-31
73131be3-9,51e1462e,CLS-AB1DF,Attended,2024-05-03
4c5b79ab-2,2ddd5bbc,CLS-64316,Attended,2024-07-31
9e370e00-9,24d83fab,CLS-7F15C,Confirmed,2024-04-13
9756c2f9-d,0cfe4e4c,CLS-7F15C,No-show,2024-03-02
612fcdbc-f,b4b59c6e,CLS-8563B,Attended,2024-01-12
f33f64bf-f,d95e4b0a,CLS-FEAB7,Confirmed,2024-07-21
2526c81f-7,2ddd5bbc,CLS-8563B,Attended,2024-04-11
43c5b54d-2,b355100c,CLS-BD9A4,Attended,2024-08-10
336241ee-6,6462cc06,CLS-5864B,Confirmed,2024-11-04
d11dce46-3,1b50ac9a,CLS-5D91E,Attended,2024-10-09
8257cf2a-f,d95a3dff,CLS-A8A19,Confirmed,2024-03-17
448e8e00-d,5cac683a,CLS-15A43,Confirmed,2024-03-15
ed30b31f-a,da7559af,CLS-A8A19,Attended,2024-05-31
67462c17-9,15ec6e47,CLS-9EE21,Attended,2024-02-14
1c5d77bf-e,ba578f8e,CLS-4272D,Confirmed,2024-04-02
db0c64b9-f,97c45d46,CLS-1FB2E,Attended,2024-11-30
c73670fc-6,988fbf6e,CLS-546F0,Attended,2024-03-23
f681540e-8,07f825a3,CLS-08BFB,Attended,2024-10-21
094bd722-c,187f706f,CLS-64316,Confirmed,2024-08-22
6894c040-9,f55df35d,CLS-17367,Attended,2024-08-02
212878fc-d,0277325f,CLS-CEB51,Attended,2024-08-31
9c4ed39e-c,cb210247,CLS-7935C,Confirmed,2024-02-23
d1f672fa-5,b6acb34b,CLS-E99F8,Attended,2024-01-30
f730fe23-8,05c5eab5,CLS-76408,Confirmed,2024-05-14
0c60b05d-4,b112238a,CLS-AF4D7,Attended,2024-10-28
3ef84e9e-8,9def56c5,CLS-49E17,Attended,2024-04-13
69ab05b8-8,8bc8fb49,CLS-A7A6F,Attended,2024-06-05
3a41f63f-c,82a61dd8,CLS-9EE21,Attended,2024-05-30
655cd54f-2,b6a904ae,CLS-E37B8,Attended,2024-03-09
3735215f-5,071ef3b4,CLS-1FB2E,Attended,2024-05-01
99ccd2ca-e,13136a95,CLS-7935C,Attended,2024-02-11
eb14c5ea-6,8d3abcec,CLS-D6F4D,Confirmed,2024-03-09
14e7ea89-4,0eac2342,CLS-B0964,Attended,2024-02-27
1c275150-4,b37dd0ad,CLS-546F0,Confirmed,2024-10-31
4bacb5f3-c,1b465efd,CLS-15A43,Confirmed,2024-08-09
b3388f2e-3,7a33ff74,CLS-76408,Attended,2024-03-25
5fc23be4-0,5943beae,CLS-E2B2B,Confirmed,2024-06-19
a9cd4931-d,ccc720a3,CLS-8563B,Attended,2024-07-26
2c398de4-1,a491f812,CLS-1FB2E,Attended,2024-01-12
96724f99-3,1867210e,CLS-08980,Confirmed,2024-07-20
64882e2a-b,5cbc5242,CLS-E37B8,Attended,2024-06-04
5dc57041-e,3a7895f8,CLS-4B71E,Attended,2024-11-17
af9db25a-5,4a4e33b5,CLS-F212D,No-show,2024-01-28
61d02153-6,6a0397f2,CLS-5864B,Attended,2024-09-11
972e4f86-a,f5993578,CLS-08BFB,Attended,2024-01-27
5bf9bdfe-a,50355bc7,CLS-4B71E,Attended,2024-06-06
0c07a0b2-8,23ec23c5,CLS-1FB2E,Confirmed,2024-05-15
a84cd923-e,ca8d0527,CLS-8CF13,Confirmed,2024-03-18
5347d5ef-1,b56f0ecb,CLS-A2572,Confirmed,2024-02-19
c542f55f-0,77fef229,CLS-8CF13,Attended,2024-07-14
e1423831-c,75be0817,CLS-EA688,Attended,2024-12-11
b00852ec-2,07114f9b,CLS-37099,Attended,2024-02-23
ef4378c4-4,9c704859,CLS-2E9CF,Attended,2024-10-12
b6d09cbb-c,734d8060,CLS-4B7C6,Attended,2024-05-13
f48c87f5-c,9b96783d,CLS-E37B8,Attended,2024-09-01
510087cf-a,e0581cf1,CLS-C7E04,Attended,2024-02-11
7622c7dd-b,ea43c350,CLS-7935C,No-show,2024-11-16
82e4b0bb-b,06a35400,CLS-49E17,Attended,2024-04-21
4cace1e6-4,187f706f,CLS-0EB30,No-show,2024-09-30
bab0904a-2,739ecac9,CLS-56239,Attended,2024-12-22
7a112c09-1,948d208a,CLS-15A43,Attended,2024-12-03
84992531-5,82ed87b9,CLS-A7A6F,Attended,2024-08-19
30f8a913-4,717c21f6,CLS-751A9,Attended,2024-02-07
128fee0e-3,a7372399,CLS-E2B2B,Attended,2024-07-01
8deb718d-a,c8a38ae9,CLS-4D488,Confirmed,2024-03-08
d49a5ac6-4,7ba31db7,CLS-EC0C9,Attended,2024-11-03
58587d1e-5,c573c64e,CLS-4B7C6,Confirmed,2024-05-29
02ec8113-d,e2a957cb,CLS-A8A19,Attended,2024-02-23
93e942ca-b,80cd8a09,CLS-2E9CF,Attended,2022-01-18
96453f2f-9,afc9f8fb,CLS-C7E04,Attended,2024-06-20
4217c708-3,6462cc06,CLS-46AD3,Attended,2024-10-24
dfab4fee-9,a7372399,CLS-37099,Confirmed,2024-06-25
9566aa78-0,79715a19,CLS-6E679,Confirmed,2024-03-23
c6310528-6,dd8a4ac0,CLS-8CF13,Attended,2024-10-25
2198c7bc-f,b37dd0ad,CLS-17367,Attended,2024-07-25
e9c0071d-6,aa13dddb,CLS-C7E04,Attended,2024-11-06
6b79d2a6-e,6b44961c,CLS-76408,Attended,2024-12-08
6e54ff6a-d,cfccea51,CLS-AF4D7,Attended,2024-06-07
ad841215-1,1b2eff9b,CLS-44CC5,Attended,2024-12-07
4fec820b-9,587cd75f,CLS-A8A19,Attended,2024-09-11
b0388e9e-3,63dbe325,CLS-8563B,No-show,2024-05-06
a55023f3-5,34d3f2b6,CLS-6E679,Attended,2024-06-06
0f90e015-5,92a7724e,CLS-0EB30,Attended,2024-03-27
f00aef92-a,d95a3dff,CLS-9EE21,Attended,2024-02-07
ba8e9f9c-e,19676de4,CLS-49E17,Attended,2024-04-27
02ddde5c-1,60d7e896,CLS-4D488,Attended,2024-06-09
50ee6ac9-0,6167f46f,CLS-15A43,Attended,2024-08-10
1941c634-e,be08ce2f,CLS-07970,Attended,2024-11-02
2ff98597-c,0e79b033,CLS-4D488,Confirmed,2024-09-18
2e0228fa-c,4a4e33b5,CLS-C4065,Attended,2024-01-28
bcf3a978-5,0e28dded,CLS-15A43,Confirmed,2024-11-03
123e84b8-9,1da3845b,CLS-4272D,Attended,2024-06-30
a1651a77-3,82ed87b9,CLS-15A43,Attended,2024-03-22
55a66832-b,aee28b2f,CLS-C7E04,Attended,2024-08-02
f68a37e3-8,64b0e6f6,CLS-1E3D7,Confirmed,2024-04-28
4a3b617a-2,f7a04965,CLS-3BCD1,Attended,2024-02-19
b4cc92fc-3,bf86c982,CLS-86D06,No-show,2024-04-08
1c8290f0-f,cec159e8,CLS-89E6D,Attended,2024-12-06
cd2833c6-b,b74b048b,CLS-4D488,Attended,2024-03-12
a0deeda9-3,d3da436b,CLS-25409,Confirmed,2024-03-30
35c54955-4,aa1e4428,CLS-E99F8,Attended,2024-03-09
81536936-5,114f4d73,CLS-DC96C,Attended,2024-08-01
86799b9c-d,82ed87b9,CLS-86D06,Attended,2024-09-02
f1c8b0c4-d,fc8aadef,CLS-6706B,Confirmed,2024-05-08
c73a9f38-8,f8df9053,CLS-25409,Attended,2024-12-24
286184df-0,43eb9d11,CLS-751A9,Attended,2024-03-22
1c836844-7,ed238422,CLS-BD9A4,Attended,2024-04-24
bcb967ac-4,58b37d03,CLS-F212D,Confirmed,2024-09-13
6d40f5da-3,7fdaba4f,CLS-4B71E,Attended,2024-02-09
ef576932-f,725fc4a1,CLS-15A43,Attended,2024-02-28
b1643caa-5,3129a71f,CLS-0EB30,Attended,2024-09-02
d3d4b390-0,0e79b033,CLS-F212D,Confirmed,2024-06-18
ffc759f0-6,b355100c,CLS-BD9A4,Attended,2024-12-13
f38fa3f8-1,63aa5aa9,CLS-37099,Attended,2024-02-20
232177fe-c,8adb8940,CLS-B9558,No-show,2024-03-05
c54aa8d8-5,a80153c3,CLS-D6F4D,Attended,2024-01-30
96fcc6eb-e,b2c9b0e4,CLS-4272D,Attended,2024-05-29
194a9c8c-1,3b8fed6d,CLS-DC96C,Attended,2024-10-13
3afc6348-4,bbee92d9,CLS-2A8C6,Attended,2024-01-30
81ee7631-7,f1f94384,CLS-5D91E,No-show,2024-03-26
2c73b37d-b,a455e790,CLS-16EF1,Attended,2024-12-17
53e0be25-c,6eb0aee3,CLS-1E3D7,Confirmed,2024-08-12
590b0664-8,10347cf4,CLS-6706B,Confirmed,2024-07-30
ab2e438d-4,0857b9f8,CLS-F212D,Confirmed,2024-04-30
ab10aa96-6,dc2b2125,CLS-5864B,Attended,2024-05-23
9c74e1a4-b,bcb8809a,CLS-3BCD1,Attended,2024-10-18
fa7c5b42-0,016c397f,CLS-A7A6F,Attended,2024-03-09
39f8ed3c-f,a85b8fef,CLS-08980,Attended,2024-03-21
15926718-5,60da3e80,CLS-AF4D7,Attended,2024-02-20
f78bde4d-4,7181d661,CLS-4B71E,Attended,2024-08-05
a2683f84-1,2ea60c4e,CLS-A2572,Attended,2024-03-29
02399f28-6,52c9f149,CLS-4272D,Attended,2024-05-16
9f330ad1-b,d57f0a2b,CLS-37099,Attended,2024-02-15
b23eba48-8,09cf4c3d,CLS-1FB2E,Attended,2024-01-22
44feaf0a-d,895640fb,CLS-4272D,Attended,2024-03-07
004bcca5-a,7fbb188b,CLS-17367,Attended,2024-05-28
08bd4657-6,6462cc06,CLS-C4065,Attended,2024-06-05
9d5d5de4-9,1b465efd,CLS-BD9A4,No-show,2024-07-13
f5455135-f,ccc720a3,CLS-C4065,Confirmed,2024-06-24
535e1765-0,dfa29acd,CLS-546F0,Attended,2024-05-01
5e1b6dc0-8,0e79b033,CLS-17367,Attended,2024-04-15
07c418f1-0,545b041d,CLS-A7A6F,Attended,2024-04-06
87487d6f-2,2f0e0c45,CLS-64316,Attended,2024-10-03
5f130205-7,1d46356a,CLS-3B339,Confirmed,2024-07-18
d00570e6-2,e18ba1c3,CLS-A2572,Attended,2024-06-19
b584e5a0-5,31b81ada,CLS-EA688,Attended,2024-06-07
7c741a1d-b,0623fc4b,CLS-25409,Confirmed,2024-11-17
f63d5bd4-1,e5e73b5d,CLS-49E17,Attended,2024-12-02
1ecfb7a6-1,a361c56f,CLS-DC96C,Confirmed,2024-06-17
19e5dbf3-b,14d07ebc,CLS-2E9CF,Confirmed,2024-11-02
a5b3a7e0-5,f1e4d91e,CLS-E99F8,Attended,2024-05-07
6212ab4c-c,4a4e33b5,CLS-37099,Attended,2024-04-09
ac2c987d-3,afc9f8fb,CLS-AF4D7,Attended,2024-04-29
ccf650bf-2,9443fb35,CLS-6706B,Confirmed,2024-06-23
4164d6c0-9,f708018e,CLS-B9558,Confirmed,2024-02-28
776f9dcb-0,dfeb819a,CLS-4B71E,Confirmed,2024-09-30
1cb7349e-a,281f35f3,CLS-89E6D,Attended,2024-03-09
7ab8bbcd-3,3885fd09,CLS-64316,Confirmed,2024-02-25
11f6ebbc-4,18b73fa5,CLS-751A9,Confirmed,2024-04-05
f88bddf1-9,16768807,CLS-9EE21,Attended,2024-02-19
a477f4aa-8,a7372399,CLS-7935C,Attended,2024-04-03
51070569-3,dd6dd3ff,CLS-89E6D,Attended,2024-08-08
585d4a47-f,2ea60c4e,CLS-0EB30,Attended,2024-07-28
3413131b-e,f1b4b7f7,CLS-D6F4D,Attended,2024-03-09
b757fc58-d,0eac2342,CLS-C4065,Attended,2023-07-08
23ab130f-3,3691d71b,CLS-C4065,Attended,2024-09-03
6103b9cd-9,09cf4c3d,CLS-D6F4D,Attended,2024-07-17
76b1d42d-3,a0311b92,CLS-B0964,Attended,2024-03-15
ea9b4532-f,707ad333,CLS-1E3D7,Attended,2024-09-03
0f397ec2-8,c9e7a57c,CLS-8563B,Attended,2024-06-28
c4887420-8,842f1b49,CLS-B9558,Attended,2024-12-01
806a1e48-f,cd41a93b,CLS-C7E04,Attended,2024-01-04
032dae04-a,cb17c182,CLS-546F0,Attended,2024-08-23
77b572a2-b,7a33ff74,CLS-76408,Attended,2024-03-02
8098e163-6,8db769d5,CLS-4B71E,Attended,2024-10-10
9a038b78-2,1a39849a,CLS-07970,Confirmed,2024-04-25
dfee0915-4,8e2396fa,CLS-D6F4D,Attended,2024-06-07
b05c3f85-5,1c2caaa4,CLS-44CC5,Attended,2024-04-29
b92721bb-d,3522444d,CLS-59E6B,Attended,2024-11-28
10fd1615-3,016c397f,CLS-08BFB,Attended,2024-05-07
0ef40d2b-1,3129a71f,CLS-C4065,Attended,2024-12-10
61523a04-0,902a851f,CLS-DC96C,Attended,2024-03-29
2bf7c907-4,ed238422,CLS-59E6B,Confirmed,2024-05-31
e6fe5c46-0,01ace804,CLS-17367,Attended,2024-04-14
9e8e9266-9,b37dd0ad,CLS-C7E04,Attended,2024-11-25
a48b197c-3,c0c5a4ba,CLS-2A8C6,Attended,2024-12-31
83848be5-5,a47c1af9,CLS-64316,Confirmed,2024-04-19
3dbb4a76-3,00ea28ba,CLS-15A43,Attended,2024-07-05
72742400-2,03a7c7e0,CLS-3B339,Attended,2024-04-18
b58fa0b0-8,bb58f63e,CLS-4D488,Attended,2024-03-03
4d6e02cf-4,a9a734d5,CLS-2A8C6,Attended,2024-01-02
152774a2-d,1a80005e,CLS-4272D,Confirmed,2024-11-08
f07abbb0-c,1e6a4c61,CLS-46AD3,Attended,2024-07-27
05b004f6-d,49b4d657,CLS-CEB51,Attended,2024-05-24
d9e7c99d-b,1d909838,CLS-D6F4D,Attended,2024-08-11
5af36e47-8,1da3845b,CLS-37099,No-show,2024-08-28
0e3d01f7-0,ed5948eb,CLS-44CC5,Confirmed,2024-04-03
115767e9-6,92ad437f,CLS-E37B8,Confirmed,2024-08-09
f3e900b2-6,dd59d26f,CLS-0EB30,Attended,2024-04-26
9d3ccde9-1,16768807,CLS-4272D,Confirmed,2024-02-26
3205af64-2,01ace804,CLS-4272D,Attended,2024-07-01
943fe1f3-7,0857b9f8,CLS-0EB30,Attended,2024-06-16
2d19589b-d,707ad333,CLS-49E17,Attended,2024-08-16
f7091f24-f,8fdd8f0b,CLS-AF4D7,Attended,2024-04-13
1d64abca-c,23ec23c5,CLS-9EE21,Attended,2024-11-17
f8b4da50-9,42bc5995,CLS-A2572,Attended,2024-05-06
e99d9ade-9,59dce2f9,CLS-DC96C,Attended,2024-03-29
e91e53c3-0,717c21f6,CLS-6E679,No-show,2024-10-18
f2dc127f-3,1ff9b28c,CLS-64316,Confirmed,2024-02-06
b28071c5-2,e1d9b7ca,CLS-546F0,Confirmed,2024-08-26
68a0d2ee-9,f1b4b7f7,CLS-25409,Confirmed,2024-04-26
7b879b06-d,59dce2f9,CLS-2A8C6,No-show,2024-02-20
7e187fe8-3,ea3aa03e,CLS-7F15C,Confirmed,2024-05-09
ebcc6093-f,cbd69211,CLS-16EF1,No-show,2024-01-04
2fd09965-8,9e24ee06,CLS-46AD3,Attended,2024-03-13
0dc648d6-1,c024129b,CLS-B9558,Attended,2024-01-31
fcad7de5-9,18b73fa5,CLS-3BCD1,Confirmed,2024-10-11
2844968d-8,7fb3dddc,CLS-BD9A4,Attended,2024-11-20
f9e47f19-4,9b96783d,CLS-FEAB7,Attended,2024-07-27
a4b1116a-5,6167f46f,CLS-B9558,Attended,2024-11-30
edcde79a-d,4a4e33b5,CLS-F212D,Confirmed,2023-10-15
99f838c8-d,92ad437f,CLS-44CC5,No-show,2024-04-21
4e80b6ba-5,9db7846d,CLS-E99F8,Attended,2024-05-05
28257bd3-4,54c61e24,CLS-08980,Attended,2024-12-27
91cbda95-3,a86285c1,CLS-7935C,Confirmed,2024-09-04
a543d4cd-6,3691d71b,CLS-7935C,Attended,2024-09-16
28904615-f,441b9287,CLS-59E6B,Attended,2024-11-16
619b2ca2-7,9e7cf81c,CLS-76408,Attended,2024-03-16
29af5903-9,0277325f,CLS-CEB51,Attended,2024-11-09
dc9bb714-2,14d07ebc,CLS-DC96C,Confirmed,2024-02-27
e3c4c066-7,f55df35d,CLS-46AD3,Attended,2024-10-17
46dc6088-3,0277325f,CLS-4272D,Confirmed,2024-12-16
153747c7-5,652706a1,CLS-C7E04,No-show,2024-07-23
05aad738-7,3c7cae7d,CLS-3B339,Confirmed,2024-05-29
f42089e4-4,c9c99e46,CLS-CEB51,Attended,2024-01-01
4663b591-6,0277325f,CLS-7935C,Attended,2024-10-24
3e7e1c6a-d,483c65ac,CLS-E99F8,Attended,2024-04-17
ccb69646-7,99d5b97d,CLS-BD9A4,Attended,2024-11-16
a9d3d383-d,f29942cc,CLS-08980,Attended,2024-09-02
4fcf70a2-7,c93c201d,CLS-0EB30,Attended,2024-11-04
a30dec4d-3,8540cfff,CLS-B0964,No-show,2024-01-15
223b57f8-c,d0706bc6,CLS-5864B,Attended,2024-07-30
08a93728-6,93063d77,CLS-D6F4D,Confirmed,2024-12-06
355ee217-4,4f617d4c,CLS-6E679,Confirmed,2024-06-03
5e0c8878-9,545b041d,CLS-A8A19,Attended,2024-11-13
c1afc5d8-2,35a12afe,CLS-37099,Attended,2024-12-21
6b11008a-2,29cde1d1,CLS-3BCD1,Confirmed,2024-04-06
5bfd544e-a,01ace804,CLS-2E9CF,Confirmed,2024-06-10
fd2789c0-8,25689ce5,CLS-25409,Attended,2024-02-06
cc5c2c8e-2,587cd75f,CLS-17367,No-show,2024-03-30
acc0dfb2-d,5cac683a,CLS-EA688,Attended,2024-10-09
35b9ce20-c,dd59d26f,CLS-C7E04,Confirmed,2024-12-02
440fbf28-b,717c21f6,CLS-EC0C9,Attended,2024-06-17
431a5573-8,afc9f8fb,CLS-4D488,Attended,2024-04-26
5c1db3b1-3,02e72e64,CLS-B0964,Confirmed,2024-04-26
60ac0d5e-d,468bec1e,CLS-6706B,Attended,2024-03-18
3ff77989-8,ad34061c,CLS-5D91E,Attended,2024-08-08
53fa90fb-2,7a540feb,CLS-AB1DF,Confirmed,2024-01-27
6468b40f-6,cd41a93b,CLS-D6F4D,Attended,2024-06-27
8f0b6ef5-0,d36fbad2,CLS-46AD3,Attended,2024-10-19
74334851-7,1d46356a,CLS-56239,Attended,2024-06-18
93c7d25a-0,b155c1a6,CLS-86D06,No-show,2024-03-13
52941fd9-d,29cde1d1,CLS-E99F8,Attended,2024-05-21
42ac20a6-9,20584233,CLS-3B339,Attended,2024-07-23
02e43b85-f,d0706bc6,CLS-6706B,Attended,2024-01-26
1452721f-d,b4351e11,CLS-C7E04,Attended,2024-09-15
cd376c55-d,0cef28ca,CLS-8563B,Attended,2024-03-29
c6e7e324-3,4d682358,CLS-751A9,Attended,2024-09-14
61a6b7d0-2,71f27551,CLS-08BFB,Confirmed,2024-07-25
f13bf9b5-c,bad4e8af,CLS-07970,No-show,2024-04-24
d0de2349-9,3424f653,CLS-15A43,Attended,2024-02-06
e0d8baff-b,0046a040,CLS-A2572,Attended,2024-10-05
c4624566-7,dfeb819a,CLS-6E679,Attended,2024-11-10
dbdcd081-d,2ae031db,CLS-89E6D,Attended,2024-10-13
4075b826-6,99d0286d,CLS-6E679,Confirmed,2024-01-29
09d93bae-9,b2c9b0e4,CLS-6163F,Attended,2024-10-24
9e2cfcf2-4,ef4186c0,CLS-A8A19,Confirmed,2024-04-12
dd83605d-c,ad7e1a34,CLS-89E6D,Attended,2024-03-29
58eae124-0,2ea60c4e,CLS-BD9A4,Attended,2024-06-22
c088787e-e,c024129b,CLS-9EE21,No-show,2024-08-31
09ae1602-7,16768807,CLS-A7A6F,Attended,2023-09-05
d01cbbc1-5,bad4e8af,CLS-3B339,Attended,2024-01-25
0ac92e4c-8,0b7e22c3,CLS-15A43,Attended,2024-01-20
2831dc8d-9,2689fbf3,CLS-B9558,Attended,2024-05-04
d8bce3de-d,97c45d46,CLS-6E679,Confirmed,2024-01-11
a438375b-6,3522444d,CLS-7935C,Attended,2024-11-01
deab3a3a-1,f5f0c005,CLS-0EB30,Attended,2024-01-24
696993cc-5,8e2396fa,CLS-0EB30,Attended,2024-10-01
6623f76c-5,dfa29acd,CLS-BD9A4,Attended,2024-07-27
3999f289-3,35a12afe,CLS-44CC5,Attended,2024-01-05
4bf24e7a-7,3129a71f,CLS-3BCD1,Confirmed,2024-10-19
713ae3c4-c,725fc4a1,CLS-D6F4D,Attended,2024-03-28
1c401965-c,bd81e325,CLS-B9558,No-show,2024-12-29
62189228-4,d0ecbb09,CLS-08BFB,No-show,2024-01-24
94b81505-d,1b465efd,CLS-8CF13,Confirmed,2024-10-11
1524c5aa-6,ccc720a3,CLS-7F15C,No-show,2024-05-10
4dad26af-6,3b0a7079,CLS-AB1DF,Attended,2024-03-14
83f08308-4,20584233,CLS-37099,Attended,2024-11-30
e43abe36-c,b042aa37,CLS-6706B,Attended,2024-06-20
bda66c80-6,60d7e896,CLS-16EF1,Attended,2024-12-20
ab810f6d-5,4b2c939b,CLS-07970,Attended,2024-08-15
b473db6a-3,92ffb827,CLS-CEB51,Attended,2023-10-13
cec0512b-8,c67276c1,CLS-3B339,Confirmed,2024-09-12
d1770091-0,f708018e,CLS-A2572,Attended,2024-11-16
f546f541-9,054619b8,CLS-8563B,Attended,2024-07-01
e2806847-0,9def56c5,CLS-15A43,No-show,2024-03-20
06cdef14-b,74637531,CLS-37099,Attended,2024-12-08
d09a0d3a-6,1c3cb995,CLS-A7A6F,Confirmed,2024-10-14
3967bae4-2,8a7bf578,CLS-4B71E,Attended,2024-07-08
2b5cc1f6-8,f7a04965,CLS-CEB51,Attended,2024-10-27
783606a0-f,9feb9904,CLS-89E6D,Attended,2024-10-01
76360166-9,29cde1d1,CLS-2E9CF,No-show,2024-02-12
c5b3558a-d,f1b4b7f7,CLS-A7A6F,Attended,2024-03-26
6a123937-0,db9947bd,CLS-3B339,Attended,2024-06-03
4e06c59a-d,aee28b2f,CLS-FEAB7,Attended,2024-03-19
902cb20a-0,a4ffb39d,CLS-8563B,Attended,2024-08-08
cf23b523-d,0623fc4b,CLS-9EE21,Confirmed,2024-06-29
7c0af611-9,6ae21bb6,CLS-44CC5,Attended,2024-01-24
3c43ca08-8,c9c99e46,CLS-EA688,Attended,2024-05-21
36ba3bf5-5,cc753b41,CLS-BD9A4,Confirmed,2024-11-09
ea410923-7,187f706f,CLS-A8A19,No-show,2024-09-01
14bd51c5-1,0eac2342,CLS-AF4D7,Confirmed,2024-06-29
028db892-2,f7201646,CLS-751A9,Confirmed,2024-07-12
c0e7937d-a,99d0286d,CLS-56239,Attended,2022-05-31
6f35ce53-5,016c397f,CLS-76408,Confirmed,2024-06-30
922ede09-2,1e6a4c61,CLS-CEB51,No-show,2024-03-08
0d07279f-0,b213e981,CLS-AF4D7,Attended,2024-04-09
783c7b55-6,7e460922,CLS-2E9CF,Confirmed,2024-09-08
812d707d-c,1a39849a,CLS-17367,Confirmed,2024-01-27
d5dc4013-0,0e79b033,CLS-E99F8,Attended,2024-06-12
9a921d91-0,92664aa5,CLS-A2572,Attended,2024-07-09
0c50e91a-8,7181d661,CLS-08BFB,Attended,2024-09-25
1231aaf6-f,e5e73b5d,CLS-751A9,Attended,2024-05-30
64e4736a-a,60da3e80,CLS-37099,Attended,2024-04-10
b3c9735c-7,f5993578,CLS-D6F4D,Attended,2024-03-26
2d5ede58-8,c9e7a57c,CLS-2E9CF,Confirmed,2024-02-26
32d44add-6,52c9f149,CLS-B9558,Attended,2024-10-26
3e9640b9-b,92ad437f,CLS-7935C,Attended,2024-09-21
aacfaa0a-8,8fdd8f0b,CLS-A8A19,Attended,2024-03-28
18383e6f-c,3e88e16d,CLS-C4065,Attended,2024-06-01
96ab3029-b,f8df9053,CLS-E37B8,Attended,2024-12-05
d547d170-a,52b44512,CLS-3BCD1,Attended,2024-01-15
e02b7abc-b,3b8fed6d,CLS-25409,Attended,2024-03-04
83851104-a,7e8191e6,CLS-17367,Attended,2024-07-02
1f80b122-1,20056d66,CLS-A7A6F,Attended,2024-04-30
bf67914f-7,52b44512,CLS-08BFB,Confirmed,2024-07-05
90abaeac-9,3885fd09,CLS-07970,Attended,2024-03-08
48d47166-6,0749c34c,CLS-9EE21,Attended,2024-09-19
73f8ecd1-9,70c43077,CLS-E2B2B,Attended,2024-03-19
33068512-c,79715a19,CLS-A8A19,Attended,2024-07-27
4f482eb6-b,1c2caaa4,CLS-07970,Attended,2024-10-05
585c2834-3,739ecac9,CLS-08BFB,Attended,2024-04-07
5bd3cab2-5,1b465efd,CLS-546F0,Attended,2024-01-12
6b8c0a2d-9,7e460922,CLS-6706B,Attended,2024-10-03
47fce064-c,cb6e59a7,CLS-44CC5,Confirmed,2024-10-23
1d2cbe56-6,d3da436b,CLS-1FB2E,Attended,2024-06-19
52a84214-c,7fbb188b,CLS-C4065,Confirmed,2024-10-16
c9bffe14-9,2cb8e7b4,CLS-59E6B,Attended,2024-10-21
4c410b3d-a,5342ed1c,CLS-5D91E,Attended,2024-08-01
dd689a1f-d,78d2742d,CLS-5D91E,Confirmed,2024-04-23
88520593-6,3827a713,CLS-2A8C6,Attended,2024-11-01
15728fdd-1,39ed3bbb,CLS-64316,Attended,2024-07-04
2e6c17ba-f,846a8271,CLS-3B339,Attended,2024-04-29
6e9d08c4-0,dfa29acd,CLS-56239,Attended,2024-04-19
69005c59-e,debe0ec7,CLS-07970,Attended,2024-04-28
c35499b1-e,cec159e8,CLS-BD9A4,Attended,2024-03-18
6cfc1290-e,5cbc5242,CLS-B0964,Attended,2024-07-26
acd25129-f,c3ed93ee,CLS-EC0C9,No-show,2024-09-12
fc5de3d6-b,739ecac9,CLS-37099,Attended,2024-10-19
560d7edf-6,10347cf4,CLS-08980,Attended,2024-10-25
a8163c00-9,b042aa37,CLS-F212D,Confirmed,2024-12-02
92adfead-a,0ac8794f,CLS-6706B,Confirmed,2024-11-06
171ada4f-6,0c40ac25,CLS-4B7C6,Attended,2024-12-10
a7d4dbbd-2,2dbb02bc,CLS-A8A19,Attended,2024-01-02
fcb970df-c,14d07ebc,CLS-8563B,Attended,2024-11-06
d226ba90-a,895640fb,CLS-AF4D7,Confirmed,2024-04-01
cc90cfdb-a,290de067,CLS-8CF13,Attended,2024-11-16
c4d47c59-e,d8110098,CLS-8563B,Attended,2024-06-11
632df64a-6,7c218dee,CLS-76408,Confirmed,2024-05-30
67492551-4,24d83fab,CLS-DC96C,Attended,2024-07-23
ac7743b4-0,468bec1e,CLS-7F15C,Attended,2024-06-05
804bfdc1-c,536a7bac,CLS-86D06,Attended,2024-04-19
be087846-1,62a1136f,CLS-A2572,No-show,2024-02-27
6ea61d38-d,a0311b92,CLS-86D06,Attended,2024-10-30
5df166e5-9,016c397f,CLS-EC0C9,Confirmed,2024-04-27
0c0075f9-e,9def56c5,CLS-64316,Attended,2024-10-24
8701fa9e-5,79715a19,CLS-CEB51,Confirmed,2024-05-31
ad21cccb-9,8b98ab14,CLS-DC96C,Attended,2024-12-06
b6154361-3,d3da436b,CLS-37099,Attended,2024-10-29
8571fe87-9,902a851f,CLS-1E3D7,No-show,2024-05-23
76442505-b,19676de4,CLS-AB1DF,No-show,2022-10-14
2b688950-c,e5e73b5d,CLS-A8A19,Confirmed,2024-06-29
a83152b2-e,e9f4c6f9,CLS-2E9CF,Attended,2024-06-17
03309482-1,00d48244,CLS-37099,Attended,2024-07-14
a5473eb0-9,0b49957e,CLS-B9558,Attended,2024-01-22
676742e4-d,ca8d0527,CLS-AF4D7,Attended,2024-06-28
5c5db819-7,3f6ed9e5,CLS-07970,Attended,2024-11-22
b76f4ef2-2,c9c7f0a3,CLS-DC96C,No-show,2024-10-14
2379d36e-9,cf10c67d,CLS-D6F4D,Confirmed,2024-09-14
be322f17-5,92664aa5,CLS-AB1DF,Attended,2024-07-16
0d05fefc-9,84efc9ca,CLS-4B71E,Attended,2024-11-16
0c2ebe46-8,0e28dded,CLS-9EE21,Confirmed,2024-05-06
bb119b75-9,3e88e16d,CLS-C4065,No-show,2024-04-27
0c382631-5,23c2f847,CLS-3BCD1,Attended,2024-08-12
6ecee8dd-6,c3ed93ee,CLS-EA688,Attended,2024-09-01
46604d00-2,d0ecbb09,CLS-A7A6F,Attended,2024-06-11
7eafbda8-a,6ab0a970,CLS-7F15C,Confirmed,2024-05-02
4aca30d0-f,902a851f,CLS-86D06,No-show,2024-11-25
15fcfb4f-0,c5dd0f14,CLS-546F0,Attended,2024-03-10
d7d88295-c,101292a5,CLS-64316,Confirmed,2024-08-27
8cee164a-8,3129a71f,CLS-0EB30,Attended,2024-02-13
82b7b8e8-1,d0706bc6,CLS-08BFB,Attended,2024-02-04
7f430e72-4,6ce2f172,CLS-A8A19,Attended,2023-07-18
7ca4c8df-8,f7201646,CLS-4D488,Attended,2024-04-29
59ef21b1-5,da76e1a5,CLS-A8A19,Attended,2024-01-24
ca6bfe8a-c,8a7bf578,CLS-A2572,Attended,2024-12-07
b05a99a2-8,1050f556,CLS-15A43,Attended,2024-12-21
8fb38aab-1,52c779fb,CLS-A7A6F,Attended,2024-06-29
16de7f9f-a,99d0286d,CLS-E99F8,Attended,2024-12-17
99c79b59-9,ba578f8e,CLS-4272D,Attended,2024-06-29
d394ffde-3,a7372399,CLS-A8A19,Attended,2024-02-12
9f51a8be-b,da123716,CLS-0EB30,Attended,2024-02-11
332cce88-a,6ae21bb6,CLS-B0964,Confirmed,2024-02-21
1e18648a-c,2b0f85bc,CLS-25409,Attended,2024-01-03
103bce9f-2,18b73fa5,CLS-2A8C6,Confirmed,2024-12-21
ea87fa8c-e,ea43c350,CLS-FEAB7,Attended,2024-12-09
d176c412-7,a7372399,CLS-4272D,Attended,2024-02-03
803d8339-5,7fb3dddc,CLS-15A43,Attended,2024-07-07
a26791df-8,a7372399,CLS-0EB30,Attended,2024-02-02
b600b0a3-8,a491f812,CLS-8CF13,Confirmed,2024-10-25
5395cdcb-e,f29942cc,CLS-EA688,Attended,2024-01-09
b9a49222-0,652706a1,CLS-59E6B,Attended,2024-04-06
8dbceba3-c,2c137ac1,CLS-8563B,Attended,2024-11-05
a2201d77-9,6663c194,CLS-2A8C6,Attended,2024-06-16
6f517140-a,6a0397f2,CLS-08980,Attended,2024-06-17
29335ba5-3,38e62b00,CLS-C7E04,Attended,2024-08-25
b368254b-2,fc28771f,CLS-A7A6F,Attended,2024-11-22
145418f6-a,1da3845b,CLS-6E679,Attended,2024-06-15
7fd463bd-d,19676de4,CLS-17367,Attended,2024-12-30
e6772c83-6,0046a040,CLS-49E17,Attended,2024-04-19
bddde14a-1,604ceba6,CLS-9EE21,Confirmed,2024-05-29
